Lineto,Blank,Linevia,Operatorna,Routepathd
Wyndham Vale Station, ,Werribee Plaza SC,CDC Melbourne (Werribee),166_out
Tarneit Station, ,Werribee Plaza SC,CDC Melbourne (Werribee),167_in
Tarneit Station, ,Werribee Plaza SC,CDC Melbourne (Werribee),167_in1
Hoppers Crossing Station, ,Werribee Plaza SC,CDC Melbourne (Werribee),167_out
Hoppers Crossing Station, ,Werribee Plaza SC,CDC Melbourne (Werribee),167_out_1
Tarneit Station, ,Werribee Plaza SC,CDC Melbourne (Werribee),170_in
Manor Lakes, ,Greaves St North,CDC Melbourne (Werribee),191_out
Werribee Station, ,Black Forest Rd,CDC Melbourne (Werribee),192_in
Wyndham Vale Station, ,Black Forest Rd,CDC Melbourne (Werribee),192_out
Bulleen, ,Kew Junction,Transdev,200out
City (Queen St), ,Kew Junction,Transdev,200in
Deakin University, ,,Ventura Bus Lines,201in
Box Hill Station, ,,Ventura Bus Lines,201out
Doncaster SC, ,Kew Junction,Transdev,207out
Werribee Station, ,Werribee Plaza SC,CDC Melbourne (Werribee),170_out
Tarneit Station, ,Tarneit Rd,CDC Melbourne (Werribee),180_in
Werribee Station, ,Tarneit Rd,CDC Melbourne (Werribee),180_out
Hoppers Crossing Station, ,Werribee Plaza SC,CDC Melbourne (Altona),181_in
Werribee Station, ,Werribee Plaza SC,CDC Melbourne (Altona),181_out
Werribee Station, ,Ballan Rd,CDC Melbourne (Werribee),190_in
Wyndham Vale Station, ,Ballan Rd,CDC Melbourne (Werribee),190_out
Werribee Station, ,Greaves St North,CDC Melbourne (Werribee),191_in
Caroline Springs, ,Ballarat Rd,Transdev,215out_s1
Caroline Springs, ,Ballarat Rd,Transdev,215out_s2
Brighton Beach, ,City,Transdev,216in
Caroline Springs, ,City,Transdev,216out
Gardenvale, ,City,Transdev,219in
Sunshine South, ,City,Transdev,219out
Gardenvale, ,City,Transdev,220in
Sunshine, ,City,Transdev,220out
Highpoint SC, ,Buckley St > Footscray,Transdev,223in
Yarraville, ,Footscray > Buckley St,Transdev,223out
City (Queen Victoria Market), ,Westgate Fwy,Transdev,232in
City (Queen Victoria Market), ,Westgate Fwy,Transdev,232in_1
Altona North, ,Westgate Fwy,Transdev,232out
Altona North, ,Westgate Fwy,Transdev,232out_1
Williams Landing Station, ,Sayers Rd,CDC Melbourne (Werribee),150_in
Tarneit Station, ,Sayers Rd,CDC Melbourne (Werribee),150_out
Williams Landing Station, ,Westmeadows Lane,CDC Melbourne (Werribee),151_in
Tarneit Station, ,Westmeadows Lane,CDC Melbourne (Werribee),151_out
Williams Landing Station, ,Princes Hwy,CDC Melbourne (Werribee),153_in
Werribee Station, ,Princes Hwy,CDC Melbourne (Werribee),153_out
Tarneit Station, ,Morris Rd,CDC Melbourne (Werribee),160_in
Tarneit Station, ,Morris Rd,CDC Melbourne (Werribee),160_in_1
Hoppers Crossing Station, ,Morris Rd,CDC Melbourne (Werribee),160_out
Hoppers Crossing Station, ,Morris Rd,CDC Melbourne (Werribee),160_out1
Hoppers Crossing Station, ,Werribee Plaza SC,CDC Melbourne (Werribee),161_in
Werribee Station, ,Werribee Plaza SC,CDC Melbourne (Werribee),161_out
Hoppers Crossing Station, ,Werribee Plaza SC,CDC Melbourne (Werribee),166_in
Box Hill, ,Park Orchards,Transdev,271in
Ringwood, ,Park Orchards,Transdev,271out
Nunawading, ,Springvale Rd,Transdev,273in
Nunawading, ,Springvale Rd,Transdev,273in_1
Nunawading, ,Springvale Rd,Transdev,273in_s
The Pines SC, ,Springvale Rd,Transdev,273out
The Pines SC, ,Springvale Rd,Transdev,273out_1
The Pines SC, ,Springvale Rd,Transdev,273out_s
Highpoint SC, ,Ballarat Rd,Transdev,215in
Highpoint SC, ,Ballarat Rd,Transdev,215in_s1
Highpoint SC, ,Ballarat Rd,Transdev,215in_s2
Caroline Springs, ,Ballarat Rd,Transdev,215out
Box Hill, ,,Transdev,279in_3
Doncaster SC/Templestowe, ,,Transdev,279out_1
Doncaster SC/Templestowe, ,,Transdev,279out_2
Doncaster SC/Templestowe, ,,Transdev,279out_3
City (Queen Victoria Market), ,,Transdev,234in
Garden City, ,,Transdev,234out
City, ,Williamstown Rd,Transdev,235in
Fishermans Bend, ,Williamstown Rd,Transdev,235out
Queen Victoria Market, ,South Melbourne,Transdev,236in
Garden City, ,South Melbourne,Transdev,236out
City, ,Lorimer St,Transdev,237in
Fishermans Bend, ,Lorimer St,Transdev,237out
Elsternwick, ,St Kilda,Transdev,246in
Clifton Hill, ,St Kilda,Transdev,246out
City (Queen St), ,Clifton Hill,Transdev,250in
La Trobe University, ,Clifton Hill,Transdev,250out
City (Queen St), ,Clifton Hill,Transdev,251in
Northland SC, ,Clifton Hill,Transdev,251out
Box Hill, ,Blackburn North,Transdev,270in
Mitcham, ,Blackburn North,Transdev,270out
Mernda North, ,South Morang,Dysons,386out
Bundoora RMIT (via Hawkstowe Pde), ,,Dysons,387in
Mernda North  (via Hawkstowe Pde), ,,Dysons,387out
Sunshine Station, ,Robinsons Rd,Sita Bus Lines,400in
Laverton Station, ,Robinsons Rd,Sita Bus Lines,400out
University of Melbourne, ,Royal Melbourne Hospital,Sita Bus Lines,401in
Doncaster SC/Templestowe, ,,Transdev,279out_4
The Pines SC, ,Tunstall Sq,Transdev,280c
Box Hill, ,,Transdev,279in_1
Box Hill, ,,Transdev,279in_2
Diamond Creek Station, ,Doreen,Dysons,381out
Diamond Creek Station, ,Doreen,Dysons,381out_1
Diamond Creek Station, ,Doreen,Dysons,381out_2
Diamond Creek Station, ,Doreen,Dysons,381out_3
Diamond Creek Station, ,Doreen,Dysons,381out_4
Northland SC, ,South Morang Station,Dysons,382in
Northland SC, ,South Morang Station,Dysons,382in_1
Northland SC, ,South Morang Station,Dysons,382in_2
Northland SC, ,South Morang Station,Dysons,382in_3
Whittlesea, ,South Morang Station,Dysons,382out
Whittlesea, ,South Morang Station,Dysons,382out_1
Whittlesea, ,South Morang Station,Dysons,382out_2
Whittlesea, ,South Morang Station,Dysons,382out_3
Whittlesea, ,South Morang Station,Dysons,382out_4
University Hill, ,South Morang,Dysons,383in
University Hill, ,South Morang,Dysons,383in_1
University Hill, ,South Morang,Dysons,383in_2
Palisades, ,South Morang,Dysons,383out
Palisades, ,South Morang,Dysons,383out_1
Palisades, ,South Morang,Dysons,383out_2
Whittlesea, ,Humevale,Dysons,384in
Kinglake, ,Humevale,Dysons,384out
Kinglake, ,Humevale,Dysons,384out_1
Kinglake, ,Humevale,Dysons,384out_2
Greensborough (via Laurimer Town Centre), ,,Dysons,385in
Mernda North/Whittlesea (via Laurimer Town Centre), ,,Dysons,385out
Bundoora RMIT, ,South Morang,Dysons,386in
Doncaster SC, ,Templestowe,Transdev,295in
The Pines SC, ,Templestowe,Transdev,295out
Reservoir Station, ,,Dysons (East West),301in
La Trobe University, ,,Dysons (East West),301out
City (Lonsdale St), ,Belmore Rd > Eastern Fwy,Transdev,302in
Box Hill, ,Eastern Fwy > Belmore Rd,Transdev,302out
Box Hill, ,Eastern Fwy > Belmore Rd,Transdev,302out_1
City, ,Park Rd,Transdev,303in
Ringwood North, ,Park Rd,Transdev,303out
City (Lonsdale St), ,Belmore Rd > Eastern Fwy,Transdev,304in
Doncaster SC, ,Eastern Fwy > Belmore Rd,Transdev,304out
Templestowe, ,Box Hill,Transdev,281in
Deakin University, ,Box Hill,Transdev,281out
The Pines SC, ,Templestowe,Transdev,282
Box Hill, ,Union Rd,Transdev,284in
Doncaster Park & Ride, ,Union Rd,Transdev,284out
Camberwell SC, ,North Balwyn,Transdev,285in
Doncaster Park & Ride, ,North Balwyn,Transdev,285out
Box Hill, ,Doncaster SC,Transdev,293in
Greensborough, ,Doncaster SC,Transdev,293out
Thomastown Station, ,Epping Station,Dysons,357in
Wollert West, ,Epping Station,Dysons,357out
Epping Station, ,Epping Plaza SC,Dysons,358in
Wollert, ,Epping Plaza SC,Dysons,358out
Ringwood Station, ,Croydon > Warrandyte Rd > Eastland SC,Transdev,364in
Doncaster SC, ,Eastern Fwy > Belmore Rd,Transdev,304out_1
City (King/Lonsdale Sts), ,Eastern Fwy,Transdev,305in
City (King/Lonsdale Sts), ,Eastern Fwy,Transdev,305in_1
The Pines, ,Eastern Fwy,Transdev,305out
The Pines, ,Eastern Fwy,Transdev,305out_1
City (Queen St), ,Reynolds Rd > Eastern Fwy,Transdev,309in
City (Queen St), ,Reynolds Rd > Eastern Fwy,Transdev,309in_1
Donvale, ,Eastern Fwy > Reynolds Rd,Transdev,309out_1
Donvale, ,Eastern Fwy > Reynolds Rd,Transdev,309out_2
City (King/Lonsdale Sts), ,Victoria St > Eastern Fwy,Transdev,318in
Deep Creek, ,Eastern Fwy > Victoria St,Transdev,318out
City (Queen St), ,Eastern Fwy,Transdev,350in
La Trobe University, ,Eastern Fwy,Transdev,350out
Epping Station, ,Hayston Bvd,Dysons,356in
Wollert East, ,Hayston Bvd,Dysons,356out
Footscray, ,Ballarat Rd,CDC Melbourne (Sunshine),410in
North Melbourne Station, ,Royal Melbourne Hospital,Sita Bus Lines,401out
East Melbourne, ,North Melbourne,Sita Bus Lines,402in
Footscray, ,North Melbourne,Sita Bus Lines,402out
University of Melbourne, ,Royal Melbourne Hospital,Sita Bus Lines,403in
Footscray Station, ,Royal Melbourne Hospital,Sita Bus Lines,403out
Footscray Station, ,Newmarket,Sita Bus Lines,404in
Watergardens Station, ,Delahey,CDC Melbourne (Sunshine),425out
Sunshine West, ,Forrest St,Sita Bus Lines,427in
Sunshine Station, ,Forrest St,Sita Bus Lines,427out
Sunshine West, ,Wright St,Sita Bus Lines,428in
Sunshine Station, ,Wright St,Sita Bus Lines,428out
Warrandyte, ,Croydon > Warrandyte Rd > Eastland SC,Transdev,364out
Mitcham, ,North Ringwood,Transdev,370in
Ringwood, ,North Ringwood,Transdev,370out
Ringwood Loop  (anti-clockwise), ,Ringwood East,Transdev,380ccw
Ringwood Loop  (anti-clockwise), ,Ringwood East,Transdev,380ccw1
Ringwood Loop  (clockwise), ,Croydon Hills,Transdev,380cw
Ringwood Loop  (clockwise), ,Croydon Hills,Transdev,380cw1
South Morang Station, ,Doreen,Dysons,381in
South Morang Station, ,Doreen,Dysons,381in_1
South Morang Station, ,Doreen,Dysons,381in_2
South Morang Station, ,Doreen,Dysons,381in_3
South Morang Station, ,Doreen,Dysons,381in_4
South Morang Station, ,Doreen,Dysons,381in_5
Moonee Ponds, ,Newmarket,Sita Bus Lines,404out
Footscray Station, ,Avondale Hts > Maribyrnong,CDC Melbourne (Sunshine),406in
Footscray Station, ,Avondale Hts > Maribyrnong,CDC Melbourne (Sunshine),406in_1
Keilor East, ,Maribyrnong > Avondale Hts,CDC Melbourne (Sunshine),406out
Keilor East, ,Maribyrnong > Avondale Hts,CDC Melbourne (Sunshine),406out_1
Highpoint SC, ,Maribyrnong,CDC Melbourne (Sunshine),407in
Avondale Heights, ,Maribyrnong,CDC Melbourne (Sunshine),407out
St Albans Station, ,Sunshine Station,CDC Melbourne (Sunshine),408in
Highpoint SC, ,Sunshine Station,CDC Melbourne (Sunshine),408out
Yarraville, ,Footscray,CDC Melbourne (Sunshine),409in
Highpoint SC, ,Footscray,CDC Melbourne (Sunshine),409out
St Albans Station, ,Keilor Downs,CDC Melbourne (Sunshine),419in
Watergardens Station, ,Keilor Downs,CDC Melbourne (Sunshine),419out
Sunshine Station, ,Deer Park,Sita Bus Lines,420_in
Watergardens Station, ,Deer Park,Sita Bus Lines,420_out
St Albans Station, ,Keilor Plains Station,CDC Melbourne (Sunshine),421in
Watergardens Station, ,Keilor Plains Station,CDC Melbourne (Sunshine),421out
St Albans Station, ,Cairnlea,CDC Melbourne (Sunshine),423in_x
Yarraville, ,Somerville Rd,Sita Bus Lines,431in
Kingsville, ,Somerville Rd,Sita Bus Lines,431out
Newport, ,Altona Gate SC,Sita Bus Lines,432in
Yarraville, ,Altona Gate SC,Sita Bus Lines,432out
Footscray, ,Ballarat Rd,CDC Melbourne (Sunshine),410in_1
Sunshine Station, ,Ballarat Rd,CDC Melbourne (Sunshine),410out
Sunshine Station, ,Ballarat Rd,CDC Melbourne (Sunshine),410out_1
Footscray, ,"Altona Meadows, Altona, Millers Rd",CDC Melbourne (Altona),411in
Footscray, ,"Altona Meadows, Altona, Millers Rd",CDC Melbourne (Altona),411in_1
Laverton Station, ,"Millers Rd, Altona, Altona Meadows",CDC Melbourne (Altona),411out
Footscray, ,"Altona, Geelong Rd",CDC Melbourne (Altona),412in
Laverton Station, ,"Geelong Rd, Altona",CDC Melbourne (Altona),412out
Footscray, ,Geelong Rd,CDC Melbourne (Altona),414in
Laverton Station, ,Geelong Rd,CDC Melbourne (Altona),414out
Williamstown, ,Altona,CDC Melbourne (Altona),415in
Williamstown, ,Altona,CDC Melbourne (Altona),415in_1
Laverton Station, ,Altona,CDC Melbourne (Altona),415out
Laverton Station, ,Altona,CDC Melbourne (Altona),415out_1
Laverton Station, ,Fitzgerald Rd,CDC Melbourne (Altona),417in
Laverton North, ,Fitzgerald Rd,CDC Melbourne (Altona),417out
St Albans Station, ,Keilor Plains Station,CDC Melbourne (Sunshine),418in
Caroline Springs, ,Keilor Plains Station,CDC Melbourne (Sunshine),418out
Werribee Station, ,Werribee Park Mansion and Werribee Zoo,CDC Melbourne (Werribee),439_in
Werribee Station, ,Werribee Park Mansion and Werribee Zoo,CDC Melbourne (Werribee),439_in_2
Werribee South, ,Werribee Park Mansion and Werribee Zoo,CDC Melbourne (Werribee),439_out
Werribee South, ,Werribee Park Mansion and Werribee Zoo,CDC Melbourne (Werribee),439_out_2
Werribee Station, ,Geelong Rd,CDC Melbourne (Werribee),441_in
Westleigh Gardens, ,Geelong Rd,CDC Melbourne (Werribee),441_out
Werribee Station (clockwise), ,Wattle Av,CDC Melbourne (Werribee),443_in
Werribee Station (anti-clockwise), ,Greaves St South,CDC Melbourne (Werribee),443_out
Melton Station, ,Brookfield,Sita Bus Lines,453in
Melton, ,Brookfield,Sita Bus Lines,453out
Melton Station, ,,Sita Bus Lines,455in
Micasa Rise, ,,Sita Bus Lines,455out
Melton, ,Rockbank,Sita Bus Lines,456in
Melton, ,Rockbank,Sita Bus Lines,456in_1
Brimbank Central SC, ,Cairnlea,CDC Melbourne (Sunshine),423out_x
St Albans Station, ,Albanvale,CDC Melbourne (Sunshine),424in
Brimbank Central SC, ,Albanvale,CDC Melbourne (Sunshine),424out
St Albans Station, ,Delahey,CDC Melbourne (Sunshine),425in
Moonee Ponds, ,Footscray,Sita Bus Lines,472out
Moonee Ponds, ,Niddrie > Essendon,Kastoria Bus Lines,475in
Moonee Ponds, ,Niddrie > Essendon,Kastoria Bus Lines,475in_1
Moonee Ponds, ,Niddrie > Essendon,Kastoria Bus Lines,475in_2
Keilor East, ,Essendon > Niddrie,Kastoria Bus Lines,475out
Keilor East, ,Essendon > Niddrie,Kastoria Bus Lines,475out_1
Caroline Springs Town Centre, ,Plumpton South,CDC Melbourne (Sunshine),461out
Watergardens, ,Calder Park Dr > Watervale Bvd,Kastoria Bus Lines,462in
Caroline Springs, ,Caroline Springs SC > Hume Dr,Kastoria Bus Lines,462out
Essendon Station, ,East Keilor,Ryan Bros Bus Service,465in
Keilor Park, ,East Keilor,Ryan Bros Bus Service,465out
Keilor Park, ,East Keilor,Ryan Bros Bus Service,465out_1
Moonee Ponds Station, ,Holmes Rd,Ryan Bros Bus Service,467in
Aberfeldie, ,Holmes Rd,Ryan Bros Bus Service,467out
Essendon, ,Maribyrnong,Ryan Bros Bus Service,468in
Highpoint SC, ,Maribyrnong,Ryan Bros Bus Service,468out
Sunshine Station, ,Rockbank,Sita Bus Lines,456out
Sunshine Station, ,Rockbank,Sita Bus Lines,456out_1Westc
Sunshine Station, ,Rockbank,Sita Bus Lines,456out_1_sun
Sunshine Station, ,Rockbank,Sita Bus Lines,456out_sun
Melton Station, ,Melton West,Sita Bus Lines,457in
Melton, ,Melton West,Sita Bus Lines,457out
Melton Station, ,Woodgrove SC,Sita Bus Lines,458in
Kurunjang, ,Woodgrove SC,Sita Bus Lines,458out
Melton Station, ,Westlake,Sita Bus Lines,459in
Arnolds Creek, ,Westlake,Sita Bus Lines,459out
Watergardens Station, ,Caroline Springs Town Centre,Kastoria Bus Lines,460in
Watergardens Station, ,Caroline Springs Town Centre,Kastoria Bus Lines,460in_1
Caroline Springs Station, ,Caroline Springs Town Centre,Kastoria Bus Lines,460out
Caroline Springs Station, ,Caroline Springs Town Centre,Kastoria Bus Lines,460out_1
Watergardens Station, ,Plumpton South,CDC Melbourne (Sunshine),461in
Moonee Ponds, ,Diggers Rest > Niddrie,Sunbury Bus Service,483out_1
Moonee Ponds, ,Diggers Rest > Niddrie,Sunbury Bus Service,483out_2
Broadmeadows, ,Greenvale,Tullamarine Bus Lines,484in_1
Broadmeadows, ,Greenvale,Tullamarine Bus Lines,484in_2
Williamstown, ,Altona Gate SC,Sita Bus Lines,471in
Sunshine Station, ,Altona Gate SC,Sita Bus Lines,471out
Williamstown, ,Footscray,Sita Bus Lines,472in
Sunbury, ,Belleview Dr,Sunbury Bus Service,488in
Sunbury, ,Belleview Dr,Sunbury Bus Service,488in_77
Jacksons Hill, ,Belleview Dr,Sunbury Bus Service,488out
Jacksons Hill, ,Belleview Dr,Sunbury Bus Service,488out_5
Keilor East, ,Essendon > Niddrie,Kastoria Bus Lines,475out_2
Keilor East, ,Essendon > Niddrie,Kastoria Bus Lines,475out_3
Moonee Ponds, ,Keilor,Kastoria Bus Lines,476in
Moonee Ponds, ,Keilor,Kastoria Bus Lines,476in_1
Moonee Ponds, ,Keilor,Kastoria Bus Lines,476in_2
Moonee Ponds, ,Keilor,Kastoria Bus Lines,476in_3
Moonee Ponds, ,Keilor,Kastoria Bus Lines,476in_4
Plumpton, ,Keilor,Kastoria Bus Lines,476out
Plumpton, ,Keilor,Kastoria Bus Lines,476out_1
Plumpton, ,Keilor,Kastoria Bus Lines,476out_2
Plumpton, ,Keilor,Kastoria Bus Lines,476out_3
Plumpton, ,Keilor,Kastoria Bus Lines,476out_4
Plumpton, ,Keilor,Kastoria Bus Lines,476out_5
Plumpton, ,Keilor,Kastoria Bus Lines,476out_6
Plumpton, ,Keilor,Kastoria Bus Lines,476out_7
Moonee Ponds, ,Essendon > Airport West > Gladstone Park,Tullamarine Bus Lines,477in
Broadmeadows Station, ,Essendon > Airport West > Gladstone Park,Tullamarine Bus Lines,477out
Airport West SC, ,Melrose Dr,Tullamarine Bus Lines,478in
Melbourne Airport, ,Melrose Dr,Tullamarine Bus Lines,478out
Airport West SC, ,Melbourne Airport,Tullamarine Bus Lines,479in
Sunbury Station, ,Melbourne Airport,Tullamarine Bus Lines,479out
Sunbury, ,Elizabeth Dr,Sunbury Bus Service,481in
Mount Lion, ,Elizabeth Dr,Sunbury Bus Service,481out
Airport West SC, ,South Centre Rd,Tullamarine Bus Lines,482in
Melbourne Airport, ,South Centre Rd,Tullamarine Bus Lines,482out
Sunbury, ,Niddrie > Diggers Rest,Sunbury Bus Service,483in
Sunbury, ,Niddrie > Diggers Rest,Sunbury Bus Service,483in_1
Moonee Ponds, ,Diggers Rest > Niddrie,Sunbury Bus Service,483out
Moonee Ponds, ,Strathmore,Kastoria Bus Lines,501in_2
Moonee Ponds, ,Strathmore,Kastoria Bus Lines,501in_3
Niddrie, ,Strathmore,Kastoria Bus Lines,501out
Niddrie, ,Strathmore,Kastoria Bus Lines,501out_1
Niddrie, ,Strathmore,Kastoria Bus Lines,501out_2
Niddrie, ,Strathmore,Kastoria Bus Lines,501out_3
East Brunswick, ,Brunswick,Moonee Valley Bus Lines,503in_1_x
Roxburgh Park, ,Greenvale,Tullamarine Bus Lines,484out_1
Roxburgh Park, ,Greenvale,Tullamarine Bus Lines,484out_2
Roxburgh Park, ,Greenvale,Tullamarine Bus Lines,484out_3
Sunbury, ,Mitchells La,Sunbury Bus Service,485in
Wilsons Lane, ,Mitchells La,Sunbury Bus Service,485out
Sunbury, ,Sunbury Rd,Sunbury Bus Service,486in
Rolling Meadows, ,Sunbury Rd,Sunbury Bus Service,486out
Sunbury, ,Strathearn Glen,Sunbury Bus Service,487in
Killara Heights, ,Strathearn Glen,Sunbury Bus Service,487out
Killara Heights, ,Strathearn Glen,Sunbury Bus Service,487out_1
Williams Landing Station, ,Alamanda Bvd,CDC Melbourne (Altona),494_in1
Point Cook South, ,Alamanda Bvd,CDC Melbourne (Altona),494_out
Williams Landing Station, ,Boardwalk Bvd,CDC Melbourne (Altona),495_in
Point Cook South, ,Boardwalk Bvd,CDC Melbourne (Altona),495_out
Point Cook South, ,Boardwalk Bvd,CDC Melbourne (Altona),495_out1
Laverton Station, ,Sanctuary Lakes SC,CDC Melbourne (Altona),496_in
Sanctuary Lakes, ,Sanctuary Lakes SC,CDC Melbourne (Altona),496_out
Williams Landing Station, ,Sanctuary Lakes SC,CDC Melbourne (Altona),497_in
Saltwater Coast Estate, ,Sanctuary Lakes SC,CDC Melbourne (Altona),497_out
Laverton Station, ,Dunnings Rd,CDC Melbourne (Altona),498_in
Hoppers Crossing Station, ,Dunnings Rd,CDC Melbourne (Altona),498_out
Moonee Ponds, ,Strathmore,Kastoria Bus Lines,501in
Moonee Ponds, ,Strathmore,Kastoria Bus Lines,501in_1
Strathmore Station, ,Coburg West,Moreland Bus Lines,512out_1
Glenroy, ,Bell St,Dysons,513in_1
Glenroy, ,Bell St,Dysons,513in_2
Eltham, ,Bell St,Dysons,513out_1
Eltham, ,Bell St,Dysons,513out_2
Northland SC, ,Greensborough,Dysons,517in
St Helena, ,Greensborough,Dysons,517out
Greensborough, ,St Helena,Dysons,518in
St Helena West, ,St Helena,Dysons,518out
Coburg, ,Elizabeth St,Ventura (Ivanhoe),526in
Reservoir, ,Elizabeth St,Ventura (Ivanhoe),526out
East Brunswick, ,Brunswick,Moonee Valley Bus Lines,503in_x
Jacksons Hill, ,Belleview Dr,Sunbury Bus Service,488out_6
Sunbury, ,Elizabeth Dr,Sunbury Bus Service,489in
Canterbury Hills, ,Elizabeth Dr,Sunbury Bus Service,489out
Canterbury Hills, ,Elizabeth Dr,Sunbury Bus Service,489out_1
Airport West, ,,Tullamarine Bus Lines,490in
Gowanbrae, ,,Tullamarine Bus Lines,490out
Williams Landing Station, ,Alamanda Bvd,CDC Melbourne (Altona),494_in
Coburg, ,Fawkner,Broadmeadows Bus Service,530out_2
Upfield, ,Somerset Estate,Broadmeadows Bus Service,531in
North Coburg, ,Somerset Estate,Broadmeadows Bus Service,531out
Craigieburn, ,Upfield,Broadmeadows Bus Service,532in
Broadmeadows, ,Upfield,Broadmeadows Bus Service,532out
Craigieburn, ,Hanson Road,Broadmeadows Bus Service,533in
Craigieburn, ,Hanson Road,Broadmeadows Bus Service,533in_1
Craigieburn North, ,Hanson Road,Broadmeadows Bus Service,533out
Craigieburn North, ,Hanson Road,Broadmeadows Bus Service,533out_1
Glenroy, ,Merlynston,Dysons,534in
Preston, ,Reservoir,Dysons,553in_s1
Northland SC, ,Murray Rd,Ventura (Ivanhoe),527in
Gowrie, ,Murray Rd,Ventura (Ivanhoe),527out
Essendon, ,Brunswick,Moonee Valley Bus Lines,503out_1_x
Essendon, ,Brunswick,Moonee Valley Bus Lines,503out_x
Moonee Ponds, ,East Brunswick,Dysons,504in
Clifton Hill, ,East Brunswick,Dysons,504out
Moonee Ponds, ,Parkville Gardens,Dysons,505in
Melbourne University, ,Parkville Gardens,Dysons,505out
Westgarth, ,Brunswick,Moonee Valley Bus Lines,506in
Moonee Ponds, ,Brunswick,Moonee Valley Bus Lines,506out
Moonee Ponds, ,Northcote,Dysons,508in
Alphington, ,Northcote,Dysons,508out
Barkly Square SC, ,"Hope St, Sydney Rd",Dysons,509in
Brunswick West, ,"Hope St, Sydney Rd",Dysons,509out
Essendon Station, ,Northcote,Moreland Bus Lines,510in
Ivanhoe Station, ,Northcote,Moreland Bus Lines,510out
East Coburg, ,Coburg West,Moreland Bus Lines,512in
East Coburg, ,Coburg West,Moreland Bus Lines,512in_1
Strathmore Station, ,Coburg West,Moreland Bus Lines,512out
Coburg, ,Merlynston,Dysons,534out
Glenroy, ,Gowrie Park,Dysons,536in
Glenroy, ,Gowrie Park,Dysons,536in_2
Gowrie, ,Gowrie Park,Dysons,536out
Gowrie, ,Gowrie Park,Dysons,536out_2
Craigieburn, ,Craigieburn Central SC,Broadmeadows Bus Service,537in
Craigieburn West, ,Craigieburn Central SC,Broadmeadows Bus Service,537out
Craigieburn Station, ,Hothlyn Dr,Broadmeadows Bus Service,528in
Craigieburn South, ,Hothlyn Dr,Broadmeadows Bus Service,528out
Craigieburn, ,Craigieburn Central SC,Broadmeadows Bus Service,529in
Craigieburn North, ,Craigieburn Central SC,Broadmeadows Bus Service,529out
Campbellfield, ,Fawkner,Broadmeadows Bus Service,530in_1
Campbellfield, ,Fawkner,Broadmeadows Bus Service,530in_2
Coburg, ,Fawkner,Broadmeadows Bus Service,530out_1
Chadstone SC, ,Glen Waverley,Ventura Bus Lines,742out_3D
Chadstone SC, ,Glen Waverley,Ventura Bus Lines,742out_4
Chadstone SC, ,Glen Waverley,Ventura Bus Lines,742out_5
Chadstone SC, ,Glen Waverley,Ventura Bus Lines,742out_D
Chadstone SC, ,Glen Waverley,Ventura Bus Lines,742out_s
Pakenham Station, ,Meadowvale,Ventura (Pakenham),927in
Pakenham North, ,Meadowvale,Ventura (Pakenham),927out
Preston, ,Reservoir,Dysons,553in_s2
West Preston, ,Reservoir,Dysons,553out
West Preston, ,Reservoir,Dysons,553out_1
Lalor, ,West Lalor,Dysons,554
Lalor, ,West Lalor,Dysons,554_1
Epping Plaza SC, ,Reservoir,Dysons,555in
Eastland SC, ,Glen Waverley,Ventura Bus Lines,742in
Eastland SC, ,Glen Waverley,Ventura Bus Lines,742in_1
Eastland SC, ,Glen Waverley,Ventura Bus Lines,742in_2
Eastland SC, ,Glen Waverley,Ventura Bus Lines,742in_3
Chadstone SC, ,Glen Waverley,Ventura Bus Lines,742out
Chadstone SC, ,Glen Waverley,Ventura Bus Lines,742out_1
Chadstone SC, ,Glen Waverley,Ventura Bus Lines,742out_1D
Chadstone SC, ,Glen Waverley,Ventura Bus Lines,742out_2
Chadstone SC, ,Glen Waverley,Ventura Bus Lines,742out_2D
Chadstone SC, ,Glen Waverley,Ventura Bus Lines,742out_3
Broadmeadows, ,Meadow Heights,Night Bus - Dysons,953in
Craigieburn, ,Meadow Heights,Night Bus - Dysons,953out
City, ,Brunswick,Night Bus - Dysons,955in
Mernda, ,Brunswick,Night Bus - Dysons,955out
City, ,Eastern Fwy,Night Bus - Dysons,961in
Doncaster, ,Eastern Fwy,Night Bus - Dysons,961out
Bayswater, ,,Ventura Bus Lines,745A
Wantirna /  Boronia, ,,Ventura Bus Lines,745B
Pakenham Station, ,Henry Rd,Ventura (Pakenham),928in
Cardinia Road Station, ,Henry Rd,Ventura (Pakenham),928out
Pakenham Station, ,Windermere Bvd,Ventura (Pakenham),929in
Pakenham North (Army Rd), ,Windermere Bvd,Ventura (Pakenham),929out
City, ,Taylors Lakes > Sunshine North,Night Bus - Dysons,941in
Watergardens, ,Sunshine North > Taylors Lakes,Night Bus - Dysons,941out
City, ,Deer Park > Sunshine,Night Bus - Dysons,942in
St Albans, ,Sunshine > Deer Park,Night Bus - Dysons,942out
Watergardens Station, ,Caroline Springs,Night Bus - Dysons,943in
Melton, ,Caroline Springs,Night Bus - Dysons,943out
City, ,Altona > Newport,Night Bus - Dysons,944in
Point Cook, ,Newport > Altona,Night Bus - Dysons,944out
City, ,Tarneit > Geelong Rd,Night Bus - Dysons,945in
Wyndham Vale, ,Geelong Rd > Tarneit,Night Bus - Dysons,945out
City, ,Brunswick West,Night Bus - Dysons,951in
Glenroy, ,Brunswick West,Night Bus - Dysons,951out
City, ,Essendon > Maribyrnong,Night Bus - Dysons,952in
Broadmeadows, ,Mariybyrnong > Essendon,Night Bus - Dysons,952out
Carrum Downs, ,Lyrebird Dr,Ventura (Seaford),833out
Berwick Station, ,Berwick North > Narre Warren South,Ventura (Pakenham),834_c
Berwick Station, ,Narre Warren South > Berwick North,Ventura (Pakenham),835cir
Berwick Station, ,Bridgewater Estate,Ventura (Pakenham),836in
Eden Rise SC, ,Bridgewater Estate,Ventura (Pakenham),836out
Berwick Station, ,Brisbane St > Beaconsfield Plaza SC,Ventura (Pakenham),837in
Airport West, ,,Transdev,902in
Chelsea, ,,Transdev,902out
Altona, ,,Transdev,903in
Altona, ,,Transdev,903in_dfo
Mordialloc, ,,Transdev,903out
Mordialloc, ,,Transdev,903out_dfo
City (King/Lonsdale Sts), ,Templestowe > Eastern Fwy,Transdev,905in
The Pines SC, ,Eastern Fwy > Templestowe,Transdev,905out
Frankston South, ,Kars St,Ventura (Seaford),773out
Frankston South, ,Kars St,Ventura (Seaford),773out_A
Frankston South, ,Kars St,Ventura (Seaford),773out_C
Frankston, ,Foot St,Ventura (Seaford),774in
Delacombe Park, ,Yuille St,Ventura (Seaford),774out
Delacombe Park, ,Yuille St,Ventura (Seaford),774out_1
Frankston, ,Heatherhill Rd,Ventura (Seaford),775in_1
Frankston, ,Heatherhill Rd,Ventura (Seaford),775in_2
Frankston, ,Heatherhill Rd,Ventura (Seaford),775in_3
Lakewood, ,Heatherhill Rd,Ventura (Seaford),775out_1
Lakewood, ,Heatherhill Rd,Ventura (Seaford),775out_2
Frankston, ,Baxter,Ventura (Seaford),776inAM
Frankston, ,Baxter,Ventura (Seaford),776inPM
Pearcedale, ,Baxter,Ventura (Seaford),776outAM
Bayswater, ,Knoxfield,Ventura Bus Lines,753out_1
Rowville, ,Wheelers Hill,Ventura Bus Lines,754in
Rowville, ,Wheelers Hill,Ventura Bus Lines,754in_1
Glen Waverley, ,Wheelers Hill,Ventura Bus Lines,754out
Glen Waverley, ,Wheelers Hill,Ventura Bus Lines,754out_1
Glen Waverley, ,Wheelers Hill,Ventura Bus Lines,754out_2
Bayswater, ,Boronia > The Basin,Ventura Bus Lines,755in
Nyora Road, ,,Panorama,582out
St Kilda Station, ,Sandringham,Transdev,600in
Southland Shopping Centre, ,Sandringham,Transdev,600out
Monash University (Clayton), ,,Eastrans,601in
Huntingdale Station, ,,Eastrans,601out
City, ,Kooyong Rd,Eastrans,605in
Gardenvale, ,Kooyong Rd,Eastrans,605out
Elsternwick Station, ,Port Melbourne,CDC Melbourne (Altona),606in
City (King/Lonsdale Sts), ,The Pines SC,Transdev,906in
Warrandyte, ,The Pines SC,Transdev,906out
Warrandyte, ,The Pines SC,Transdev,906out_1
City (King/Lonsdale Sts), ,Doncaster Rd > Eastern Fwy,Transdev,907in
Mitcham, ,Eastern Fwy > Doncaster Rd,Transdev,907out
Mitcham, ,Eastern Fwy > Doncaster Rd,Transdev,907out_1
Olinda, ,Monbulk Rd,Ventura Bus Lines,696out
Belgrave, ,Belgrave Heights,Ventura (Monbulk),697in_1
Belgrave, ,Belgrave Heights,Ventura (Monbulk),697in_2
Belgrave, ,Belgrave Heights,Ventura (Monbulk),697in_3
Belgrave South, ,Belgrave Heights,Ventura (Monbulk),697out_1
Belgrave South, ,Belgrave Heights,Ventura (Monbulk),697out_2
Belgrave South, ,Belgrave Heights,Ventura (Monbulk),697out_3
Belgrave, ,Glenfern Rd,Ventura (Monbulk),699in_1
Belgrave, ,Glenfern Rd,Ventura (Monbulk),699in_1E
Bayswater, ,Boronia > The Basin,Ventura Bus Lines,755in_1
Bayswater, ,Boronia > The Basin,Ventura Bus Lines,755in_2
Knox City SC, ,The Basin > Boronia,Ventura Bus Lines,755out
Knox City SC, ,The Basin > Boronia,Ventura Bus Lines,755out_1
Knox City SC, ,The Basin > Boronia,Ventura Bus Lines,755out_2
Knox City SC, ,Old Orchard Dr,Ventura Bus Lines,757in
Elsternwick Station, ,Port Melbourne,CDC Melbourne (Altona),606in_1
Fishermans Bend, ,Port Melbourne,CDC Melbourne (Altona),606out
Fishermans Bend, ,Port Melbourne,CDC Melbourne (Altona),606out_1
Fairfield, ,Kew > Royal Talbot,Dysons,609in
Chirnside Park SC, ,Wonga Park,Ventura (Lilydale),672out_2
Lillydale Lake, ,Anderson St,Ventura (Lilydale),673
Chirnside Park SC, ,Manchester Rd,Ventura (Lilydale),675i_pb1
Mooroolbark, ,Manchester Rd,Ventura (Lilydale),675o_pb2
Lilydale, ,Lilydale East,Ventura (Lilydale),676pb12
Lilydale, ,The Gateway,Ventura (Lilydale),677i_pb1
City (King/Lonsdale Sts), ,Eastern Fwy,Transdev,908in
The Pines SC, ,Eastern Fwy,Transdev,908out
The Pines SC, ,Eastern Fwy,Transdev,908out_1
St Kilda Station, ,Sandringham,Transdev,922in
Southland Shopping Centre, ,Sandringham,Transdev,922out
Pearcedale, ,Baxter,Ventura (Seaford),776outPM
Karingal  SC, ,Langwarrin,Ventura (Seaford),777in
McClelland Drive, ,Langwarrin,Ventura (Seaford),777out
Kananook Station, ,Brunel Rd,Ventura (Seaford),778in
Carrum Downs, ,Brunel Rd,Ventura (Seaford),778out
Frankston, ,Kananook Station,Ventura (Seaford),779in
Belvedere, ,Kananook Station,Ventura (Seaford),779out
Beaconsfield East, ,Brisbane St > Beaconsfield Plaza SC,Ventura (Pakenham),837out
Fountain Gate SC, ,Beaconsfield > Berwick,Ventura (Pakenham),838in
Emerald, ,Beaconsfield > Berwick,Ventura (Pakenham),838out
Scoresby, ,Old Orchard Dr,Ventura Bus Lines,757out
Somerset Estate, ,Camp Rd,Dysons,538in
Broadmeadows, ,Camp Rd,Dysons,538out
Broadmeadows, ,Coolaroo,Dysons,540in
Upfield, ,Coolaroo,Dysons,540out
Broadmeadows Station, ,,Dysons,541in
Roxburgh Park, ,,Dysons,541out
Oakleigh, ,Chadstone SC,CDC Eastrans,624out_3
Oakleigh, ,Chadstone SC,CDC Eastrans,624out_4
Elsternwick, ,Oakleigh > Ormond,CDC Eastrans,625in
Chadstone SC, ,Ormond > Oakleigh,CDC Eastrans,625out
Middle Brighton, ,Oakleigh > McKinnon,CDC Eastrans,626in
Chadstone SC, ,McKinnon > Oakleigh,CDC Eastrans,626out
Elwood, ,Ormond,Eastrans,630in
St Kilda Station, ,Sandringham,Transdev,923in
Southland Shopping Centre, ,Sandringham,Transdev,923out
Pakenham Station, ,The Avenue,Ventura (Pakenham),925in
Lakeside, ,The Avenue,Ventura (Pakenham),925out
Fountain Gate SC, ,Lakeside > Beaconsfield,Ventura (Pakenham),926in
Pakenham Station, ,Beaconsfield > Lakeside,Ventura (Pakenham),926out
Berwick Station, ,Telford Dr > Whistler Dr,Ventura (Pakenham),839in
North Berwick, ,Telford Dr > Whistler Dr,Ventura (Pakenham),839out
Pakenham, ,Pakenham Upper,Ventura (Pakenham),840in
Gembrook, ,Pakenham Upper,Ventura (Pakenham),840out
Narre Warren North, ,Fountain Gate SC,Ventura (Pakenham),841in
Cranbourne, ,Fountain Gate SC,Ventura (Pakenham),841out
Pascoe Vale, ,Broadmeadows,Dysons,542in
Roxburgh Park, ,Broadmeadows,Dysons,542out
Roxburgh Park, ,,Tullamarine Bus Lines,543in
Greenvale Gardens, ,,Tullamarine Bus Lines,543out
Craigieburn, ,,Broadmeadows Bus Service,544in
Roxburgh Park, ,,Broadmeadows Bus Service,544out
Monash University, ,Ormond,Eastrans,630out
Southland SC, ,Monash University,Ventura (Cheltenham),631in
Waverley Gardens SC, ,Monash University,Ventura (Cheltenham),631out
Lilydale, ,Monbulk,Ventura (Lilydale),663i_1
Lilydale, ,Monbulk,Ventura (Lilydale),663i_2
Lilydale, ,Monbulk,Ventura (Lilydale),663i_3
Belgrave, ,Monbulk,Ventura (Lilydale),663o_4
Pakenham Station, ,Beaconsfield > Lakeside,Ventura (Pakenham),926out_1
Pakenham Station, ,Beaconsfield > Lakeside,Ventura (Pakenham),926out_2
Vermont East, ,Churinga Av,Ventura Bus Lines,740out
Vermont East, ,Churinga Av,Ventura Bus Lines,740out_1
Box Hill, ,Monash University,Ventura Bus Lines,733out
Glen Iris, ,Ashwood,Ventura Bus Lines,734in
Glen Waverley, ,Ashwood,Ventura Bus Lines,734out
Box Hill, ,Burwood East,Ventura Bus Lines,735in
Dandenong, ,Gleneagles Dr,Ventura (Dandenong),849in
Mossgiel Park, ,Gleneagles Dr,Ventura (Dandenong),849out
Dandenong, ,Waverley Gardens SC,Ventura (Dandenong),850in
Glen Waverley, ,Waverley Gardens SC,Ventura (Dandenong),850out
Dandenong, ,Patterson Lakes,Ventura (Dandenong),857in_1
Heidelberg, ,Clifton Hill,Dysons,546in
Heidelberg, ,Clifton Hill,Dysons,546in_1
Melbourne University, ,Clifton Hill,Dysons,546out
La Trobe University, ,Ivanhoe,Ventura (Ivanhoe),548in_1
La Trobe University, ,Ivanhoe,Ventura (Ivanhoe),548in_2
Kew, ,Ivanhoe,Ventura (Ivanhoe),548out_1
Knox City SC, ,Bayswater,Ventura (Lilydale),664i_14
Knox City SC, ,Bayswater,Ventura (Lilydale),664i_3
Knox City SC, ,Bayswater,Ventura (Lilydale),664i_4
Knox City SC, ,Bayswater,Ventura (Lilydale),664i_6
Knox City SC, ,Bayswater,Ventura (Lilydale),664i_7
Knox City SC, ,Bayswater,Ventura (Lilydale),664i_8
Chirnside Park SC, ,Bayswater,Ventura (Lilydale),664o_1
Chirnside Park SC, ,Bayswater,Ventura (Lilydale),664o_10
Box Hill, ,Burwood East,Ventura Bus Lines,735in_1
Southland SC, ,Heatherton,Ventura (Cheltenham),821in
Southland SC, ,Heatherton,Ventura (Cheltenham),821in_1
Clayton, ,Heatherton,Ventura (Cheltenham),821out
Chadstone SC, ,Southland SC,Ventura (Cheltenham),822in
Sandringham, ,Southland SC,Ventura (Cheltenham),822out
North Brighton, ,Moorabbin,Ventura (Cheltenham),823in
Southland SC, ,Moorabbin,Ventura (Cheltenham),823out
Middle Brighton, ,Monash University,SmartBus Ventura,703in_1s
Middle Brighton, ,Monash University,SmartBus Ventura,703in_1s1
Middle Brighton, ,Monash University,SmartBus Ventura,703in_2
Middle Brighton, ,Monash University,SmartBus Ventura,703in_2s
Middle Brighton, ,Monash University,SmartBus Ventura,703in_3s
Safety Beach, ,Rosebud,Ventura (Rosebud),Z787out_2_T
Frankston, ,Rosebud,Ventura (Rosebud),788in
Portsea, ,Rosebud,Ventura (Rosebud),788out
Frankston Station, ,Langwarrin North,Cranbourne Transit,789in
Kew, ,Ivanhoe,Ventura (Ivanhoe),548out_2
Northland SC, ,Oriel Rd,Ventura (Ivanhoe),549in
Ivanhoe, ,Oriel Rd,Ventura (Ivanhoe),549out
La Trobe University, ,Waterdale Rd,Ventura (Ivanhoe),550in
Northland SC, ,Waterdale Rd,Ventura (Ivanhoe),550out
La Trobe University, ,Upper Heidelberg Rd,Ventura (Ivanhoe),551in
Heidelberg, ,Upper Heidelberg Rd,Ventura (Ivanhoe),551out
Northcote Plaza, ,High St,Dysons,552in
North East Reservoir, ,High St,Dysons,552out
Preston, ,Reservoir,Dysons,553in
Preston, ,Reservoir,Dysons,553in_1
Chirnside Park SC, ,Bayswater,Ventura (Lilydale),664o_2
Chirnside Park SC, ,Bayswater,Ventura (Lilydale),664o_5
Chirnside Park SC, ,Bayswater,Ventura (Lilydale),664o_9
Ringwood, ,Maroondah Hwy,Ventura (Lilydale),670in
Lilydale, ,Maroondah Hwy,Ventura (Lilydale),670out
Croydon, ,Warrien Rd,Ventura (Lilydale),671i_2
Chirnside Park SC, ,Warrien Rd,Ventura (Lilydale),671o_1
Moorabbin, ,Westall,Ventura (Cheltenham),824in
Keysborough, ,Westall,Ventura (Cheltenham),824out
Moorabbin, ,Black Rock,Ventura (Cheltenham),825in
Southland SC, ,Black Rock,Ventura (Cheltenham),825out
Hampton Station, ,Dandenong,Ventura (Cheltenham),828in
Berwick Station, ,Dandenong,Ventura (Cheltenham),828out
Narre Warren South, ,Narre Warren Station,Cranbourne Transit,895out
Narre Warren South, ,Narre Warren Station,Cranbourne Transit,895out_1
Frankston, ,Mornington,Ventura (Seaford),781in
Mt Martha, ,Mornington,Ventura (Seaford),781out
Frankston, ,Hastings,Ventura (Seaford),782in
Flinders, ,Hastings,Ventura (Seaford),782out
Frankston, ,Somerville,Ventura (Seaford),783in
Hastings, ,Somerville,Ventura (Seaford),783out
Frankston, ,Mornington,Ventura (Seaford),784in
Reservoir, ,North West Reservoir,Dysons,558pm_1
Reservoir, ,North West Reservoir,Dysons,558pm_2
Thomastown Station, ,,Dysons,559
Thomastown Station, ,,Dysons,559_1
Pascoe Vale, ,La Trobe University,Dysons,561in
Macleod, ,La Trobe University,Dysons,561out
Croydon, ,Wonga Park,Ventura (Lilydale),672in_3
Chirnside Park SC, ,Wonga Park,Ventura (Lilydale),672out_1
Croydon Station, ,Hull Rd,Ventura Bus Lines,689in
Montrose, ,Hull Rd,Ventura Bus Lines,689out
Croydon, ,Kilsyth,Ventura Bus Lines,690in
Boronia, ,Kilsyth,Ventura Bus Lines,690out
Lynbrook Station, ,Cranbourne,Cranbourne Transit,897in
Clyde, ,Cranbourne,Cranbourne Transit,897out
Cranbourne Station, ,,Cranbourne Transit,898in
Cranbourne East, ,,Cranbourne Transit,898out
Berwick Station, ,Eden Rise SC,Ventura (Pakenham),899in
The Avenue Village SC, ,Eden Rise SC,Ventura (Pakenham),899out
Frankston Station, ,Langwarrin North,Cranbourne Transit,789in_1
Langwarrin, ,Langwarrin North,Cranbourne Transit,789out
Frankston Station, ,Langwarrin South,Cranbourne Transit,790in
Chelsea, ,Patterson Lakes,Ventura (Dandenong),857out_4
Chelsea, ,Patterson Lakes,Ventura (Dandenong),857out_5
Edithvale, ,Chelsea,Ventura (Dandenong),858in
Aspendale Gardens, ,Chelsea,Ventura (Dandenong),858out
Dandenong, ,John Mitchell Dr,Ventura (Dandenong),861in
Dandenong, ,John Mitchell Dr,Ventura (Dandenong),861in_1
Macleod, ,La Trobe University,Dysons,561out_1
Bundoora RMIT, ,Roycroft Av,Dysons,564in
South Morang Station, ,Roycroft Av,Dysons,564out
Northland SC, ,Greensborough,Dysons,566in
Northland SC, ,Greensborough,Dysons,566in_1
Lalor, ,Greensborough,Dysons,566out
Regent, ,Northland SC,Dysons,567in
Northcote, ,Northland SC,Dysons,567out
South Morang Station, ,,Dysons,569in
Waverley Gardens SC, ,Ferntree Gully,Ventura (Lilydale),691i_1
Waverley Gardens SC, ,Ferntree Gully,Ventura (Lilydale),691i_11
Waverley Gardens SC, ,Ferntree Gully,Ventura (Lilydale),691i_3
Boronia, ,Ferntree Gully,Ventura (Lilydale),691o_12
Caulfield, ,Chadstone SC,"CDC, Ventura",900in
Caulfield, ,Chadstone SC,"CDC, Ventura",900in_1
Stud Park SC, ,Chadstone SC,"CDC, Ventura",900out
Melbourne Airport, ,,Transdev,901in
Frankston, ,,Transdev,901out
Nunawading, ,Burwood East,Ventura Bus Lines,735out
Nunawading, ,Burwood East,Ventura Bus Lines,735out_1
Mitcham, ,Glen Waverley,Ventura Bus Lines,736in
Fountain Gate SC, ,Narre Warren North,Ventura (Pakenham),842in
Endeavour Hills SC, ,Narre Warren North,Ventura (Pakenham),842out
Dandenong Station, ,Endeavour Hills SC,Ventura (Dandenong),843in
Endeavour Hills, ,Endeavour Hills SC,Ventura (Dandenong),843out
Endeavour Hills, ,Endeavour Hills SC,Ventura (Dandenong),843out_1
Endeavour Hills, ,Endeavour Hills SC,Ventura (Dandenong),843out_2
Dandenong, ,McCrae St,Ventura (Dandenong),844in
Doveton, ,McCrae St,Ventura (Dandenong),844out
Belgrave, ,Glenfern Rd,Ventura (Monbulk),699in_2
Epping Plaza SC, ,,Dysons,569out
Bundoora RMIT, ,,Dysons,570in
Thomastown, ,,Dysons,570out
South Morang Station, ,Findon Rd,Dysons,577in
Epping Plaza SC, ,Reservoir,Dysons,555in_1
Northland SC, ,Reservoir,Dysons,555out
Northland SC, ,Reservoir,Dysons,555out_1
Northland SC, ,Keon Park,Dysons,556in
Boronia, ,Ferntree Gully,Ventura (Lilydale),691o_2
Oakleigh, ,Ferntree Gully Rd,Ventura (Lilydale),693i_4
Oakleigh, ,Ferntree Gully Rd,Ventura (Lilydale),693i_5
Oakleigh, ,Ferntree Gully Rd,Ventura (Lilydale),693i_6
Blackburn, ,Glen Waverley,Ventura Bus Lines,736out
Croydon, ,Knox City SC,Ventura Bus Lines,737in
Croydon, ,Knox City SC,Ventura Bus Lines,737in_1
Croydon, ,Knox City SC,Ventura Bus Lines,737in_2
Osborne, ,Mornington,Ventura (Seaford),784out
Frankston, ,Mornington,Ventura (Seaford),785in
Mornington East, ,Mornington,Ventura (Seaford),785out
Rye, ,Dundas St,Ventura (Rosebud),786in
St Andrews Beach, ,Dundas St,Ventura (Rosebud),786out
Sorrento, ,Rosebud,Ventura (Rosebud),787in_2
Sorrento, ,Rosebud,Ventura (Rosebud),787in_5
Safety Beach, ,Rosebud,Ventura (Rosebud),787out_2_PP
Safety Beach, ,Rosebud,Ventura (Rosebud),787out_3_PP
Safety Beach, ,Rosebud,Ventura (Rosebud),787out_PP
Dandenong, ,John Fawkner Dr,Ventura (Dandenong),845in
Endeavour Hills, ,John Fawkner Dr,Ventura (Dandenong),845out
Epping Plaza SC, ,Keon Park,Dysons,556out
Thomastown, ,West Lalor,Dysons,557
Reservoir, ,North West Reservoir,Dysons,558am_1
Reservoir, ,North West Reservoir,Dysons,558am_2
Fairfield, ,Kew > Royal Talbot,Dysons,609in_1
Kew/Hawthorn, ,Royal Talbot > Kew,Dysons,609out
Kew/Hawthorn, ,Royal Talbot > Kew,Dysons,609out_1
Belgrave, ,Ferntree Gully Rd,Ventura (Lilydale),693o_1
Belgrave, ,Ferntree Gully Rd,Ventura (Lilydale),693o_2
Belgrave, ,Ferntree Gully Rd,Ventura (Lilydale),693o_3
Belgrave, ,Olinda,Ventura (Monbulk),694in
Mt Dandenong, ,Olinda,Ventura (Monbulk),694out
Croydon, ,Knox City SC,Ventura Bus Lines,737in_3
Monash University, ,Knox City SC,Ventura Bus Lines,737out
Monash University, ,Knox City SC,Ventura Bus Lines,737out_1
Monash University, ,Knox City SC,Ventura Bus Lines,737out_2
Dandenong, ,Patterson Lakes,Ventura (Dandenong),857in_2
Dandenong, ,Patterson Lakes,Ventura (Dandenong),857in_4
Chelsea, ,Patterson Lakes,Ventura (Dandenong),857out_1
Chelsea, ,Patterson Lakes,Ventura (Dandenong),857out_2
Chelsea, ,Patterson Lakes,Ventura (Dandenong),857out_3
Bentleigh, ,Mackie Rd,Ventura Bus Lines,701out_1
Bentleigh, ,Mackie Rd,Ventura Bus Lines,701out_s
Middle Brighton, ,Monash University,SmartBus Ventura,703in
Middle Brighton, ,Monash University,SmartBus Ventura,703in_1
Chadstone SC, ,Camberwell,CDC Eastrans,612in
Box Hill, ,Camberwell,CDC Eastrans,612out_1
Box Hill, ,Camberwell,CDC Eastrans,612out_2
St. Kilda, ,Chadstone SC,CDC Eastrans,623in
Belgrave, ,Emerald,Ventura (Monbulk),695in_2
Gembrook, ,Emerald,Ventura (Monbulk),695Fin_1
Gembrook, ,Emerald,Ventura (Monbulk),695Fin_2
Fountain Gate, ,Emerald,Ventura (Monbulk),695Fout_1
Monash University, ,Knox City SC,Ventura Bus Lines,737out_3
Mitcham, ,Wantirna,Ventura Bus Lines,738in
Knox City, ,Wantirna,Ventura Bus Lines,738out
Mitcham, ,Churinga Av,Ventura Bus Lines,740in
Elsternwick Station, ,Keysborough,Night Bus - Ventura Dandenong,979in
Dandenong, ,Keysborough,Night Bus - Ventura Dandenong,979out
Dandenong, ,Berwick,Night Bus - Ventura Dandenong,981in
Belgrave, ,Glenfern Rd,Ventura (Monbulk),699in_3
Upwey, ,Glenfern Rd,Ventura (Monbulk),699out_1
Upwey, ,Glenfern Rd,Ventura (Monbulk),699out_2
Upwey, ,Glenfern Rd,Ventura (Monbulk),699out_3
Oakleigh, ,Mackie Rd,Ventura Bus Lines,701in
Oakleigh, ,Mackie Rd,Ventura Bus Lines,701in_1
Bentleigh, ,Mackie Rd,Ventura Bus Lines,701out
Frankston, ,Seaford,Ventura (Seaford),780in
Carrum, ,Seaford,Ventura (Seaford),780out
Glen Waverley, ,Chadstone SC,CDC Eastrans,623out
Kew, ,Chadstone SC,CDC Eastrans,624in_1
Kew, ,Chadstone SC,CDC Eastrans,624in_2
Oakleigh, ,Chadstone SC,CDC Eastrans,624out_1
Fountain Gate, ,Emerald,Ventura (Monbulk),695Fout_2
Belgrave, ,Emerald,Ventura (Monbulk),695in_1
Gembrook, ,Emerald,Ventura (Monbulk),695out
Monbulk, ,Monbulk Rd,Ventura Bus Lines,696in
Chirnside Park SC, ,The Gateway,Ventura (Lilydale),677o_pb2
Ringwood, ,Montrose,Ventura (Lilydale),679i
Chirnside Park SC, ,Montrose,Ventura (Lilydale),679o
Lilydale, ,Lakeview Dr,Ventura (Lilydale),680i_1
Cranbourne, ,Berwick,Night Bus - Ventura Dandenong,981out
Dandenong, ,Endeavour Hills,Night Bus - Ventura Dandenong,982in
Cranbourne, ,Endeavour Hills,Night Bus - Ventura Dandenong,982out
City, ,,SkyBus,Skybus_in
Melbourne Airport, ,,SkyBus,Skybus_out
Knox City SC, ,Wallace Rd,Ventura Bus Lines,758in
Knox City SC, ,Wallace Rd,Ventura Bus Lines,758in_1
Knoxfield, ,Wallace Rd,Ventura Bus Lines,758out
Knoxfield, ,Wallace Rd,Ventura Bus Lines,758out_1
Mitcham, ,Forest Hill SC,Ventura Bus Lines,765in
Berwick Station, ,Bryn Mawr Bvd,Ventura (Pakenham),846in
Eden Rise SC, ,Bryn Mawr Bvd,Ventura (Pakenham),846out
Berwick Station, ,Casey Central SC,Ventura (Pakenham),847in
The Avenue Village SC, ,Casey Central SC,Ventura (Pakenham),847out
Dandenong, ,Waverley Gardens SC,Ventura (Dandenong),848in
Brandon Park SC, ,Waverley Gardens SC,Ventura (Dandenong),848out
Oakleigh, ,Chadstone SC,CDC Eastrans,624out_2
Epping Plaza SC, ,Findon Rd,Dysons,577out
Eltham, ,Research,Panorama,578in
Eltham, ,Research,Panorama,578in_1
Eltham, ,Research,Panorama,578in_1s
Mooroolbark, ,Lakeview Dr,Ventura (Lilydale),680o_2
Knox City SC (Clockwise), ,Rowville,Ventura (Lilydale),681
Knox City SC (Clockwise), ,Rowville,Ventura (Lilydale),681_1
Knox City SC (Anti-Clockwise), ,Rowville,Ventura (Lilydale),682
Knox City SC (Anti-Clockwise), ,Rowville,Ventura (Lilydale),682_1
Knox City SC (Anti-Clockwise), ,Rowville,Ventura (Lilydale),682_2
Chirnside Park SC, ,Warburton Hwy,Martyrs Bus Service,683in
Chirnside Park SC, ,Warburton Hwy,Martyrs Bus Service,683in_1
Warburton, ,Warburton Hwy,Martyrs Bus Service,683out
Warburton, ,Warburton Hwy,Martyrs Bus Service,683out_1
Eildon, ,Lilydale Station,McKenzies Tourist Service,684in
Melbourne, ,Lilydale Station,McKenzies Tourist Service,684out
Melbourne, ,Lilydale Station,McKenzies Tourist Service,684out_1
Healesville, ,Coldstream > Yarra Glen,McKenzies Tourist Service,685in_1
Healesville, ,Coldstream > Yarra Glen,McKenzies Tourist Service,685in_2
Healesville, ,Coldstream > Yarra Glen,McKenzies Tourist Service,685in_3
Healesville, ,Coldstream > Yarra Glen,McKenzies Tourist Service,685in_4
Lilydale, ,Yarra Glen > Coldstream,McKenzies Tourist Service,685out_1
Box Hill, ,Forest Hill SC,Ventura Bus Lines,765out
Box Hill, ,Forest Hill SC,Ventura Bus Lines,765out_1
Burwood, ,Surrey Hills,Ventura Bus Lines,766in
Burwood, ,Surrey Hills,Ventura Bus Lines,766in_s
Box Hill, ,Surrey Hills,Ventura Bus Lines,766out
Box Hill, ,Surrey Hills,Ventura Bus Lines,766out_s
Southland SC, ,Chadstone SC,Ventura Bus Lines,767in
Southland SC, ,Chadstone SC,Ventura Bus Lines,767in_s
Southland SC, ,Chadstone SC,Ventura Bus Lines,767in_s1
Southland SC, ,Chadstone SC,Ventura Bus Lines,767in_s2
Wantirna /  Boronia, ,,Ventura Bus Lines,745C
Wantirna /  Boronia, ,,Ventura Bus Lines,745D
Glen Waverley, ,Knoxfield,Ventura Bus Lines,753in
Glen Waverley, ,Knoxfield,Ventura Bus Lines,753in_1
Glen Waverley, ,Knoxfield,Ventura Bus Lines,753in_2
Bayswater, ,Knoxfield,Ventura Bus Lines,753out
Ringwood, ,Maroondah Hwy,Night Bus - Ventura,963in
Eltham, ,Research,Panorama,578in_1se
Eltham, ,Research,Panorama,578in_2
Eltham, ,Research,Panorama,578in_3
Warrandyte, ,Research,Panorama,578out
Warrandyte, ,Research,Panorama,578out_1
Warrandyte, ,Research,Panorama,578out_1s
Warrandyte, ,Research,Panorama,578out_2
Warrandyte, ,Research,Panorama,578out_3
Lilydale, ,Yarra Glen > Coldstream,McKenzies Tourist Service,685out_2
Lilydale, ,Yarra Glen > Coldstream,McKenzies Tourist Service,685out_3
Healesville, ,,McKenzies Tourist Service,686in
Healesville, ,,McKenzies Tourist Service,686in_1
Healesville, ,,McKenzies Tourist Service,686in_2
Healesville, ,,McKenzies Tourist Service,686in_3
Badger Creek, ,,McKenzies Tourist Service,686out
Badger Creek, ,,McKenzies Tourist Service,686out_1
Badger Creek, ,,McKenzies Tourist Service,686out_3
Chum Creek, ,,McKenzies Tourist Service,687in
Box Hill, ,Chadstone SC,Ventura Bus Lines,767out
Box Hill, ,Chadstone SC,Ventura Bus Lines,767out_1
Box Hill, ,Chadstone SC,Ventura Bus Lines,767out_2
Box Hill, ,Chadstone SC,Ventura Bus Lines,767out_3
Box Hill, ,Chadstone SC,Ventura Bus Lines,767out_s
Box Hill, ,Chadstone SC,Ventura Bus Lines,767out_s1
Frankston, ,Ashleigh Av,Ventura (Seaford),770in
Frankston, ,Ashleigh Av,Ventura (Seaford),770in_1
Lilydale, ,Maroondah Hwy,Night Bus - Ventura,963out
Croydon, ,Mt Everlyn,Night Bus - Ventura,964in
Lilydale, ,Mt Everlyn,Night Bus - Ventura,964out
Healesville, ,Woori Yallock > Healesville(ACW),Night Bus - McKenzies,965in
Healesville, ,Healesville > Woori Yallock (CW),Night Bus - McKenzies,965out
City, ,Doncaster Rd,Night Bus - Ventura,966in
Box Hill, ,Docaster Rd,Night Bus - Ventura,966out
Glen Waverley, ,Knox City,Night Bus - Ventura,967in
Bayswater, ,Knox City,Night Bus - Ventura,967out
City, ,Caufield,Night Bus - Ventura,969in
Warrandyte, ,Research,Panorama,578out_3s
Warrandyte, ,Research,Panorama,578out_3s2
Warrandyte, ,Research,Panorama,578out_4
Eltham, ,Research,Panorama,579in
Eltham, ,Research,Panorama,579in_1
Eltham, ,Research,Panorama,579in_2
Eltham, ,Research,Panorama,579in_3
Healesville, ,,McKenzies Tourist Service,687out
Croydon, ,Olinda,Ventura Bus Lines,688in_1
Croydon, ,Olinda,Ventura Bus Lines,688in_2
Croydon, ,Olinda,Ventura Bus Lines,688in_3
Croydon, ,Olinda,Ventura Bus Lines,688in_4
Upper Ferntree Gully, ,Olinda,Ventura Bus Lines,688out_1
Upper Ferntree Gully, ,Olinda,Ventura Bus Lines,688out_2
Upper Ferntree Gully, ,Olinda,Ventura Bus Lines,688out_4
Upper Ferntree Gully, ,Olinda,Ventura Bus Lines,688out_5
Berwick Station, ,Casey Hospital,Ventura (Pakenham),831in
Kingsmere Estate, ,Casey Hospital,Ventura (Pakenham),831out
Frankston, ,McCormicks Rd,Ventura (Seaford),832in
Carrum Downs, ,McCormicks Rd,Ventura (Seaford),832out
Frankston, ,Lyrebird Dr,Ventura (Seaford),833in
Karingal, ,Ashleigh Av,Ventura (Seaford),770out
Karingal, ,Ashleigh Av,Ventura (Seaford),770out_1
Karingal, ,Ashleigh Av,Ventura (Seaford),770out_2
Frankston, ,McMahon Rd,Ventura (Seaford),771in
Langwarrin, ,McMahon Rd,Ventura (Seaford),771out
Frankston, ,Moorooduc Hwy,Ventura (Seaford),772in
Eliza Heights, ,Overport Rd,Ventura (Seaford),772out
Eliza Heights, ,Overport Rd,Ventura (Seaford),772o_A
Frankston, ,Kars St,Ventura (Seaford),773in
Frankston, ,Kars St,Ventura (Seaford),773in_C
City, ,Caufield,Night Bus - Ventura,969in_1
Ringwood, ,Caufield,Night Bus - Ventura,969out
Carrum, ,Frankston,Night Bus - Ventura Dandenong,970in
Rosebud, ,Frankston,Night Bus - Ventura Dandenong,970out
Elsternwick Station, ,Huntingdale,Night Bus - Ventura Dandenong,978in
Dandenong, ,Huntingdale,Night Bus - Ventura Dandenong,978out
Eltham, ,Research,Panorama,579in_4
Warrandyte, ,Research,Panorama,579out
Warrandyte, ,Research,Panorama,579out_1
Warrandyte, ,Research,Panorama,579out_2
Warrandyte, ,Research,Panorama,579out_3
Warrandyte, ,Research,Panorama,579out_4
Warrandyte, ,Research,Panorama,579out_5
Eltham, ,Ryans Rd,Panorama,580in
Diamond Creek, ,Ryans Rd,Panorama,580out
Eltham Station, ,,Panorama,582in
Springvale, ,Wanda St,Ventura (Dandenong),885out
Rosebud, ,Boneo Rd,Ventura (Rosebud),886in
Chisholm TAFE Rosebud Campus, ,Boneo Rd,Ventura (Rosebud),886out
Monash University (Peninsula Campus), ,,Ventura (Rosebud),887in
Rosebud, ,,Ventura (Rosebud),887out
Lynbrook Station, ,Dandenong South,Cranbourne Transit,890in
Dandenong Station, ,Dandenong South,Cranbourne Transit,890out
Fountain Gate SC, ,Hallam Station,Cranbourne Transit,891in
Lynbrook Station, ,Hallam Station,Cranbourne Transit,891out
Blackburn, ,Monash University,SmartBus Ventura,703out_2s
Blackburn, ,Monash University,SmartBus Ventura,703out_s
Oakleigh, ,Huntingdale,Ventura Bus Lines,704in
Oakleigh, ,Huntingdale,Ventura Bus Lines,704in_s
Clayton, ,Huntingdale,Ventura Bus Lines,704out
Clayton, ,Huntingdale,Ventura Bus Lines,704out_1
Clayton, ,Huntingdale,Ventura Bus Lines,704out_s
Clayton, ,Huntingdale,Ventura Bus Lines,704out_s1
Mordialloc, ,Clayton South,Ventura (Cheltenham),705in
Springvale, ,Clayton South,Ventura (Cheltenham),705out
Merinda Park Station, ,,Cranbourne Transit,799in
The Avenue Village SC, ,,Cranbourne Transit,799out
Dandenong, ,Princes Hwy,Ventura (Dandenong),800in_1
Dandenong, ,Princes Hwy,Ventura (Dandenong),800in_2
Chadstone SC, ,Princes Hwy,Ventura (Dandenong),800out_1
Chadstone SC, ,Princes Hwy,Ventura (Dandenong),800out_2
Dandenong, ,Mulgrave,Ventura (Dandenong),802in
Chadstone SC, ,Mulgrave,Ventura (Dandenong),802out
Dandenong, ,Wheelers Hill,Ventura (Dandenong),804in
Chadstone SC, ,Wheelers Hill,Ventura (Dandenong),804out
Dandenong, ,Heatherton Rd > Springvale,Ventura Dandenong,811in
Dandenong, ,Heatherton Rd > Springvale,Ventura Dandenong,811in_1
Brighton, ,Springvale > Heatherton Rd,Ventura Dandenong,811out
Brighton, ,Springvale > Heatherton Rd,Ventura Dandenong,811out_1
Brighton, ,Springvale > Heatherton Rd,Ventura Dandenong,811out_2
Brighton, ,Springvale > Heatherton Rd,Ventura Dandenong,811out_3
Dandenong, ,Parkmore SC,Ventura Dandenong,812in
Dandenong, ,Parkmore SC,Ventura Dandenong,812in_1
Brighton, ,Parkmore SC,Ventura Dandenong,812out
Brighton, ,Parkmore SC,Ventura Dandenong,812out_1
Brighton, ,Parkmore SC,Ventura Dandenong,812out_2
Brighton, ,Parkmore SC,Ventura Dandenong,812out_short
Dandenong, ,Springvale,Ventura (Dandenong),813in
Waverley Gardens SC, ,Springvale,Ventura (Dandenong),813out
Dandenong, ,Waverley Gardens SC,Ventura (Dandenong),814in
Springvale South, ,Waverley Gardens SC,Ventura (Dandenong),814out
Dandenong, ,Chandler Rd,Ventura (Dandenong),815in
Noble Park, ,Chandler Rd,Ventura (Dandenong),815out
Dandenong Station, ,Hampton Park SC,Cranbourne Transit,892in
Casey Central SC, ,Hampton Park SC,Cranbourne Transit,892out
Dandenong Station, ,Hallam Station,Cranbourne Transit,893in
Cranbourne Park SC, ,Hallam Station,Cranbourne Transit,893out
Amberly Park, ,Hampton Park,Cranbourne Transit,894in
Amberly Park, ,Hampton Park,Cranbourne Transit,894in_1
Hallam  Station, ,Hampton Park,Cranbourne Transit,894out
Hallam  Station, ,Hampton Park,Cranbourne Transit,894out_1
Fountain Gate SC, ,Narre Warren Station,Cranbourne Transit,895in
Fountain Gate SC, ,Narre Warren Station,Cranbourne Transit,895in_1
Cranbourne Station, ,,Cranbourne Transit,796in
Warneet, ,,Cranbourne Transit,795out_pmS
Warneet, ,,Cranbourne Transit,795out_ am
Selandra Rise, ,Cranbourne Station,Cranbourne Transit,798out
Botanic Ridge and Pearcedale, ,Cranbourne West,Cranbourne Transit,792out
Clyde, ,Devon Meadows,Cranbourne Transit,796out
Frankston Station, ,Langwarrin,Cranbourne Transit,791in
Cranbourne Station, ,Langwarrin,Cranbourne Transit,791out
Langwarrin, ,Langwarrin South,Cranbourne Transit,790out
Cranbourne Station, ,Cranbourne West,Cranbourne Transit,792in
Cranbourne Park SC, ,Cranbourne Station,Cranbourne Transit,798in
Cranbourne, ,,Cranbourne Transit,795in_ am
Cranbourne, ,,Cranbourne Transit,795in_1am
Cranbourne, ,,Cranbourne Transit,795in_ pm
Middle Brighton, ,Monash University,SmartBus Ventura,703in_s
Middle Brighton, ,Monash University,SmartBus Ventura,703in_5s
Blackburn, ,Monash University,SmartBus Ventura,703out_2
Blackburn, ,Monash University,SmartBus Ventura,703out_1s3
Blackburn, ,Monash University,SmartBus Ventura,703out
Blackburn, ,Monash University,SmartBus Ventura,703out_1s1
Middle Brighton, ,Monash University,SmartBus Ventura,703in_4s
Blackburn, ,Monash University,SmartBus Ventura,703out_1
Blackburn, ,Monash University,SmartBus Ventura,703out_1s
Hampton, ,Southland SC,Ventura (Cheltenham),708in
Carrum, ,Southland SC,Ventura (Cheltenham),708out
Dandenong, ,Dandenong North,Ventura (Dandenong),862in
Chadstone SC, ,Dandenong North,Ventura (Dandenong),862out
Endeavour Hills, ,John Mitchell Dr,Ventura (Dandenong),861out
Hampton Park SC, ,Hallam Station,Ventura (Dandenong),863out
Endeavour Hills SC, ,Hallam Station,Ventura (Dandenong),863in
Noble Park Station, ,Keysborough South,Ventura (Dandenong),709out
Mordialloc, ,Keysborough South,Ventura (Dandenong),709in
Glen Waverley, ,Wanda St,Ventura (Dandenong),885in
Upper Ferntree Gully, ,Knox City SC,Ventura Bus Lines,732out
Upper Ferntree Gully, ,Knox City SC,Ventura Bus Lines,732out_1
Oakleigh, ,Monash University,Ventura Bus Lines,733in
Mordialloc, ,Station St,Ventura Bus Lines,706in
Chelsea, ,Station St,Ventura Bus Lines,706out
Box Hill, ,Knox City SC,Ventura Bus Lines,732in
Box Hill, ,Knox City SC,Ventura Bus Lines,732in_1
Box Hill, ,Knox City SC,Ventura Bus Lines,732in_2
